,Strategy,Mean,SD
0,passive,0.9867750717880355,0.008038395256286421
1,us,0.988194154377988,0.010878867371955153
2,sasla,0.9911710573943868,0.005574718808595274
