,Strategy,Mean,SD
0,passive,0.8747303850305798,0.019380626000306527
1,us,0.8707285942384131,0.015935024750978053
2,sasla,0.8485102342380589,0.04619516618038213
