,Strategy,Mean,SD
0,passive,0.8986486213207329,0.03871456311409946
1,us,0.7768467927307009,0.035032827379615855
2,sasla,0.8994710386019008,0.05472572970601255
