,Strategy,Mean,SD
0,passive,0.9665490325139446,0.03788188506299693
1,us,0.9732101297013577,0.03396280250914049
2,sasla,0.9435467456520087,0.11091874890835744
