,Strategy,Mean,SD
0,passive,0.872147066848265,0.010810421184138892
1,us,0.8664541896649925,0.00796296438487007
2,sasla,0.8713101431702507,0.012796544317883329
