,Strategy,Mean,SD
0,passive,0.7946437895116212,0.3898008011772337
1,us,0.9611357242021474,0.044473742493196966
2,sasla,0.7919783672772749,0.3916223924220975
